{
    "json": {
        "okhtmfile": "/basic/Contact_BasicRslt.htm",
        "failhtmfile": "/basic/Contact_BasicErr.htm",
        "func": "addAbpPersonal",
        "arg01_PageNum": "",
        "arg02_Sort": "0",
        "arg03_Search": "",
        "arg04_pageType": "0",
        "arg05_MemoryID": "",
        "arg12_SMBPassword": "SMB_PASSSWORD",
        "arg16_FTPPassword": "FTP_PASSWORD",
        "arg21_FCodePassword": "12345678",
        "arg50": "0",
        "arg25_furi": "",
        "arg51": "0",
        "arg35": "1",
        "hidden": "",
        "arg06_sID": "001",
        "arg07_Name": "NAME",
        "arg08_Email": "EMAIL@EMAIL.com",
        "arg09_SMBAddress": "HOSTNAME",
        "arg38": "445",
        "arg10_SMBPathName": "SMB_PATH",
        "arg11_SMBLoginName": "SMB_USER",
        "SMBPassword": "SMB_PASSSWORD",
        "arg13_FTPAddress": "FTP_HOST_NAME",
        "arg39": "333",
        "arg14_FTPPathName": "FTP_PATH",
        "arg15_FTPLoginName": "FTP_USERNAME",
        "FTPPassword": "FTP_PASSWORD",
        "arg17_FAXNumber": "3333333333",
        "arg20_FCodeSubAddr": "3333333334",
        "FCodePassword": "12345678",
        "arg18_BaudRate": "0",
        "arg19_ECM": "1",
        "submit001": "Submit"
    },      

    "csv_fields" : {
        "Number":"arg06_sID",
        "Name":"arg07_Name",
        "E-mail_Address":"arg08_Email",
        "SMB_Host_Name":"arg09_SMBAddress",
        "SMB_Port_Number":"arg38",
        "SMB_Path":"arg10_SMBPathName",
        "SMB_Login_User_Name":"arg11_SMBLoginName",
        "SMB_Login_Password":"SMBPassword",
        "FTP_Host_Name":"arg13_FTPAddress",
        "FTP_Port_Number":"arg39",
        "FTP_Path":"arg14_FTPPathName",
        "FTP_Login_User_Name":"arg15_FTPLoginName",
        "FTP_Login_Password":"FTPPassword",
        "FAX_Number":"arg17_FAXNumber"
    },

    "apiLink":"basic/set.cgi"
}